first_name,last_name,date_birth,joined_date,gender,location,user_id
Vernor,Fysh,4/17/1997,6/24/2022,FALSE,HCM,1
Karney,Freeland,12/19/1995,6/17/2022,FALSE,HCM,2
Jeff,McCrone,4/30/1995,6/6/2022,FALSE,HCM,3
Nona,Botton,8/16/1995,7/4/2022,TRUE,HCM,4
Kora,Rounds,5/28/1995,6/13/2022,TRUE,HCM,5
Phillie,Brede,3/3/2000,7/4/2022,TRUE,HCM,6
Steven,Mansel,7/23/1990,6/26/2022,TRUE,HCM,7
Margret,Lockwood,9/12/1997,6/4/2022,FALSE,HCM,8
Antoinette,Mc-Kerley,5/31/1995,7/13/2022,FALSE,HCM,9
Luca,Baccas,11/11/1992,7/3/2022,TRUE,HCM,10
Auroora,Manshaw,7/21/1998,7/4/2022,TRUE,HCM,11
Giusto,Strickler,1/2/1997,7/15/2022,FALSE,HCM,12
Bryana,Sandcroft,3/30/1991,6/6/2022,TRUE,HCM,13
Polly,Cockson,1/1/1999,7/3/2022,FALSE,HCM,14
Lexine,Bleakman,1/29/1991,5/24/2022,FALSE,HCM,15
Ada,Duckinfield,7/10/2001,6/5/2022,TRUE,HCM,16
Margaretta,Greschik,9/14/1994,7/20/2022,TRUE,HCM,17
Ruby,Rippingall,3/26/1991,6/29/2022,TRUE,HCM,18
Natasha,Jehu,2/13/1994,5/22/2022,TRUE,HCM,19
Lazaro,Obey,9/5/1994,6/30/2022,FALSE,HCM,20
Joceline,Lalor,10/7/1997,5/23/2022,FALSE,HN,21
Maryjo,Ketch,12/18/1992,6/29/2022,FALSE,HN,22
Bunnie,McInnerny,6/27/1998,7/7/2022,TRUE,HN,23
Essa,Negus,6/4/2000,7/6/2022,FALSE,HN,24
Fredelia,Rosendale,6/17/1993,6/30/2022,TRUE,HN,25
Viola,Morando,6/26/1994,6/8/2022,TRUE,HN,26
Mirna,Ratchford,1/19/1996,5/26/2022,TRUE,HN,27
Genia,Zisneros,2/4/1997,5/22/2022,FALSE,HN,28
Valera,Stanett,12/14/1994,7/3/2022,FALSE,HN,29
Delly,Burdon,5/7/1995,7/3/2022,TRUE,HN,30
Boris,Caseri,3/26/1992,6/6/2022,FALSE,HN,31
Jemie,Makepeace,11/21/1995,7/13/2022,FALSE,HN,32
Vivie,Butte,4/19/1999,5/25/2022,FALSE,HN,33
Edin,Cancutt,10/5/1998,6/3/2022,FALSE,HN,34
Suki,Ughini,11/17/1996,7/10/2022,TRUE,HN,35
Rozella,Pereira,8/3/1990,7/14/2022,TRUE,HN,36
Jacinthe,Reubens,9/8/1991,5/31/2022,TRUE,HN,37
Lawry,Goulston,9/21/1990,6/18/2022,TRUE,HN,38
Alis,Llewelyn,6/26/2000,7/10/2022,FALSE,HN,39
Ulla,Kliemchen,1/8/1993,7/11/2022,FALSE,HN,40
Lorene,Heining,8/8/1996,7/21/2022,FALSE,HCM,41
Bebe,Grisedale,12/14/1991,7/3/2022,FALSE,HCM,42
Anallise,Ofer,1/3/1992,5/24/2022,TRUE,HCM,43
Petey,Westrey,11/15/1994,6/13/2022,FALSE,HCM,44
Miltie,Palia,1/14/1992,5/23/2022,FALSE,HCM,45
Prentiss,Whitney,8/24/1993,6/20/2022,FALSE,HCM,46
Marji,Allerton,1/7/1991,6/9/2022,TRUE,HCM,47
Tyrus,Shireff,12/20/1994,6/8/2022,TRUE,HCM,48
Vittorio,Lunck,3/15/1998,7/2/2022,TRUE,HCM,49
Lesya,Arundale,7/10/1991,6/16/2022,FALSE,HCM,50
Lorianne,Johansen,3/23/1996,6/9/2022,TRUE,HCM,51
Mariam,Migheli,3/8/1994,6/15/2022,FALSE,HCM,52
Giles,Eynaud,2/17/1993,7/12/2022,FALSE,HCM,53
Gus,Deeth,3/26/1998,6/21/2022,TRUE,HCM,54
Sven,Byass,11/9/1992,6/11/2022,FALSE,HCM,55
Geraldine,Curcher,7/2/1992,7/16/2022,FALSE,HCM,56
Dina,Kee,10/14/1992,7/20/2022,TRUE,HCM,57
Freddy,Blades,9/12/1997,7/15/2022,FALSE,HCM,58
Zabrina,Anthoin,9/3/1995,6/22/2022,TRUE,HCM,59
Mab,Russon,4/16/2001,6/7/2022,TRUE,HCM,60
Zaria,Daft,8/2/1993,6/14/2022,FALSE,HN,61
Carmine,Littleton,10/17/1992,6/29/2022,FALSE,HN,62
Patsy,Betham,4/9/1999,7/16/2022,TRUE,HN,63
Opal,Hartly,7/9/1996,7/19/2022,FALSE,HN,64
Kori,Crannell,12/11/1998,5/25/2022,TRUE,HN,65
Abraham,Grocott,12/23/1990,7/19/2022,TRUE,HN,66
Wernher,Lockton,5/9/1997,6/8/2022,TRUE,HN,67
Alard,Browell,2/11/1995,7/13/2022,FALSE,HN,68
Josi,Danton,8/5/1990,6/30/2022,FALSE,HN,69
Barrie,Emanueli,6/20/1997,6/5/2022,TRUE,HN,70
